#{"t_start": 1660145784.9449723, "env_id": "EmptyEnvironmentPandaSim-v0"}
r,l,t
0,1000,38.109368
0,94,83.969194
0,106,123.003977
